组分 RT,化合物名称,匹配因子,最佳匹配,分子式,CAS 编号,基峰信噪比,基峰解卷积的面积,基峰解卷积的峰高,最大面积%,组分面积,组分 RI,谱库 RI,谱库 RT
4.259664909,"2-Propanol, 1,1,1,3,3,3-hexafluoro-",92.17815401,TRUE,C3H2F6O,920-66-1,4561.869404,366303.5379,497393.5734,,1207243.344,,,
4.268386427,"Benzene, chloro-",96.59744675,TRUE,C6H5Cl,108-90-7,7810.960332,228636.5661,283484.4784,,626452.2497,,,
4.294525553,"Formamide, N-methyl-",91.57787448,TRUE,C2H5NO,123-39-7,2945.505304,271219.5861,318083.4808,,360246.4224,,,
4.335114816,"Ethene, chloro-",81.36118484,TRUE,C2H3Cl,1975/1/4,1517.739752,8265430.66,836729.6661,,64216345.77,,,
4.362595941,"N,N-Dimethylacetamide",80.03217667,TRUE,C4H9NO,127-19-5,5.248525554,5067.973138,6168.828699,,18505.75351,,,
4.421695808,1H-Tetrazole,80.07375722,TRUE,CH2N4,288-94-8,856.912689,9888083.316,1643827.194,,16701220.75,,,
4.531056593,"1,3-Dioxolane, 2-methyl-2-(4-methyl-3-methylenepentyl)-",85.69247113,TRUE,C11H20O2,66972-05-2,4404.716365,25342352.03,5923476,,56986289.18,,,
4.594441275,Dimethyl ether,81.96031208,TRUE,C2H6O,115-10-6,116.0195238,818068.4393,266828.7064,,1775621.111,,,
4.61968767,"Butanoic acid, 2,2-dimethyl-",81.20117933,TRUE,C6H12O2,595-37-9,124.8547783,265048.7155,162278.2029,,1058014.346,,,
4.683495462,Acetic anhydride,84.83301153,TRUE,C4H6O3,108-24-7,82.18280051,691890.5693,824240.1734,,904033.2786,,,
4.730331681,"Hexanoic acid, methyl ester",86.67316413,TRUE,C7H14O2,106-70-7,205.2806415,20129.55838,26011.94103,,294729.5486,,,
4.752688687,Dimethyl sulfone,97.91856877,TRUE,C2H6O2S,67-71-0,8365.427995,2212464.982,2053712.651,,4257236.749,,,
4.774765789,"Acetamide, N-methyl-",88.98716442,TRUE,C3H7NO,79-16-3,471.670145,3558460.368,3647672.148,,8870127.791,,,
4.853182448,"Phosphoric acid, trimethyl ester",94.74680933,TRUE,C3H9O4P,512-56-1,2917.478333,311872.6944,256913.1026,,911653.749,,,
4.883108776,"Isopropylamine, N-acetyl-",92.0301258,TRUE,C5H11NO,1118-69-0,460.2474883,1218079.811,1177106.56,,3748294.272,,,
4.928552035,"Benzoic acid, 2-phenylethyl ester",89.48831701,TRUE,C15H14O2,94-47-3,17.34521803,57447.09798,57499.8344,,190451.5846,,,
4.949756558,Methyl .beta.-dimethylaminoisobutyrate,80.74863861,TRUE,C7H15NO2,10205-34-2,63.75422591,295197.9973,178150.9442,,444480.7421,,,
5.009922646,"Benzene, isocyanato-",97.0679873,TRUE,C7H5NO,103-71-9,5290.017035,1767454.922,1761663.612,,4939737.511,,,
5.032522339,"Sulfamoyl chloride, dimethyl-",80.54082551,TRUE,C2H6ClNO2S,13360-57-1,259.1001058,16872.06258,16633.13031,,83896.44298,,,
5.047072698,Phenacylidene diacetate,94.76630605,TRUE,C12H12O5,5062-30-6,550.4307636,139371.5074,150284.5188,,452650.5505,,,
5.062375328,"Benzene, 1,2,3-trimethyl-",81.71817078,TRUE,C9H12,526-73-8,12.43593436,13047.53532,13611.66962,,35306.19248,,,
5.099273317,Butanedinitrile,90.19697441,TRUE,C4H4N2,110-61-2,602.6152574,286299.9423,209145.9804,,852714.5197,,,
5.102611981,Phenol,80.95998408,TRUE,C6H6O,108-95-2,221.4847006,112744.6155,101436.5814,,255077.5222,,,
5.169494021,p-Aminotoluene,88.29670898,TRUE,C7H9N,106-49-0,62.20473261,7714.124354,7871.019401,,34537.43994,,,
5.190293325,"Benzene, 1-isocyanato-4-(trifluoromethoxy)-",90.94702395,TRUE,C8H4F3NO2,35037-73-1,900.3707647,78515.04299,89687.78272,,538375.7766,,,
5.214392013,Benzonitrile,86.44304723,TRUE,C7H5N,100-47-0,1392.272427,418093.7312,372870.9895,,783021.4952,,,
5.229804103,"3,4-Difluorobenzonitrile",90.16946466,TRUE,C7H3F2N,64248-62-0,4894.077745,162757.0198,168284.0667,,310858.4205,,,
5.262598538,"Phenol, 2-chloro-",80.0606989,TRUE,C6H5ClO,95-57-8,242.7543875,18441.83965,16113.45054,,105085.3008,,,
5.270061398,"2,4-Difluorobenzoic acid, 4-nitrophenyl ester",80.98476813,TRUE,C13H7F2NO4,1000357-60-4,93.13554285,4650.14306,4897.745988,,15702.03981,,,
5.286602725,"Cyclohexane, isocyanato-",94.73811555,TRUE,C7H11NO,3173-53-3,209.6556526,416962.3841,419868.3389,,2714600.982,,,
5.29361691,ethyl dimethyl phosphate,92.04008713,TRUE,C4H11O4P,1000456-19-5,273.1295014,17415.84443,15296.63973,,59799.71885,,,
5.349761868,3-Pyridinecarbonitrile,83.33810992,TRUE,C6H4N2,100-54-9,268.1634277,16257.76997,14943.19287,,110567.322,,,
5.355984862,"Benzene, 1-methoxy-2-methyl-",90.24436241,TRUE,C8H10O,578-58-5,678.725831,37970.40254,40557.95075,,337728.35,,,
5.367835027,"Benzene, 1,3-dichloro-",90.41778189,TRUE,C6H4Cl2,541-73-1,717.3938155,17069.81507,17584.49566,,56231.90311,,,
5.415142597,"Benzene, 1,2-dichloro-",91.34088099,TRUE,C6H4Cl2,95-50-1,620.9023179,14380.32042,14748.23461,,60081.77071,,,
5.537536462,Dimefox,89.79297621,TRUE,C4H12FN2OP,115-26-4,367.1596299,1251940.642,1010282.601,,3010325.668,,,
5.577260088,"Acetaldehyde, tetramer",95.5132393,TRUE,C8H16O4,108-62-3,2622.915263,4979665.357,4686479.255,,6900934.264,,,
5.588435525,"Carbonic acid, monoamide, N-butyl-, methyl ester",87.35438955,TRUE,C6H13NO2,1000420-26-8,3301.792134,258353.9483,258496.31,,772566.5256,,,
5.607013529,"Benzene, 1,3-dichloro-",87.62179074,TRUE,C6H4Cl2,541-73-1,670.7606085,13113.98372,12555.71954,,45995.52652,,,
5.621173979,"Propanoic acid, 3-cyano-, ethyl ester",88.56198742,TRUE,C6H9NO2,10137-67-4,2590.345623,546561.4617,512314.7365,,1665979.99,,,
5.692067527,p-Aminophenyl trifluoromethyl ether,97.33600513,TRUE,C7H6F3NO,461-82-5,3557.610618,535286.4638,486512.7448,,1805604.834,,,
5.719616118,2-Amino-4-methylpyrimidine,93.84879806,TRUE,C5H7N3,108-52-1,926.9373782,634538.8402,456453.1248,,1725600.436,,,
5.742169697,"Ethanimidothioic acid, N-hydroxy-, methyl ester",91.75817815,TRUE,C3H7NOS,13749-94-5,824.2468112,140053.0561,86648.45584,,1031459.554,,,
5.756509023,diethyl methyl phosphate,91.22756682,TRUE,C5H13O4P,1000456-19-6,474.3174143,87819.25543,76834.77579,,251051.1218,,,
5.787942991,"Benzene, 1-isocyanato-2-methyl-",96.48784086,TRUE,C8H7NO,614-68-6,5004.633336,900402.31,794274.111,,3280747.524,,,
5.803246735,S-Methyl methanethiosulphonate,89.02517793,TRUE,C2H6O2S2,2949-92-0,448.7254785,69353.52432,57980.91497,,604112.4375,,,
5.811570365,"Pyridine, 2,3-dichloro-",88.54465432,TRUE,C5H3Cl2N,2402-77-9,7804.994986,899793.4974,748756.863,,4624534.897,,,
5.907629479,2-Chlorostyrene,98.09862837,TRUE,C8H7Cl,2039-87-4,2385.967152,520327.5423,446880.4443,,2317190.045,,,
5.988301707,"Benzene, 1-methyl-3-(1-methylethyl)-",96.94635481,TRUE,C10H14,535-77-3,1088.099468,455926.9459,404819.9124,,1320931.364,,,
5.996308048,Butyl dimethyl phosphate,81.57604145,TRUE,C6H15O4P,10463-06-6,49.46667593,3054.738135,2711.124289,,7927.276333,,,
6.019998385,"Propane, 1,2-dibromo-3-chloro-",95.25792224,TRUE,C3H5Br2Cl,1996/12/8,6871.318245,560613.1453,473059.9205,,2055728.941,,,
6.043100464,"Ethaneperoxoic acid, 1-cyano-1-phenylbutyl ester",82.05487332,TRUE,C13H15NO3,58422-71-2,27.38810359,10865.57323,9569.7797,,46585.38395,,,
6.059687159,Phenyltrimethylammonium chloride,97.4703285,TRUE,C9H14ClN,138-24-9,4245.42629,647633.1312,529291.6723,,2267230.556,,,
6.091167426,Nonanal,85.67339055,TRUE,C9H18O,124-19-6,11.28648558,79344.52928,61627.85194,,477164.5946,,,
6.1022729,"2-Trifluoromethylbenzoic acid, 4-cyanophenyl ester",84.93209571,TRUE,C15H8F3NO2,1000307-67-2,749.935107,20327.1401,18162.28893,,43190.81706,,,
6.123100036,"Phosphorothioic acid, O,O,S-trimethyl ester",95.17835976,TRUE,C3H9O3PS,152-20-5,2251.417198,353916.2275,278779.1796,,1631930.42,,,
6.188101489,"Benzene, 1-isocyano-3-methyl-",92.17581293,TRUE,C8H7N,20600-54-8,115.3109128,26896.05388,22817.98348,,87303.12746,,,
6.203019574,o-Cymene,81.23379019,TRUE,C10H14,527-84-4,75.67296942,35496.09079,30179.0001,,153707.0602,,,
6.235338381,"3-Thiophenecarboxylic acid, methyl ester",88.69468134,TRUE,C6H6O2S,22913-26-4,370.6157038,20110.02663,16963.20083,,33810.30437,,,
6.281216023,Triethyl phosphate,95.00184173,TRUE,C6H15O4P,78-40-0,994.8428929,77815.7954,57845.12189,,293390.1081,,,
6.291317275,"Benzene, 1,2,4,5-tetramethyl-",90.11386395,TRUE,C10H14,95-93-2,141.9605093,64731.84279,54474.20747,,281239.1127,,,
6.301875955,"Propanoic acid, 2-bromo-, butyl ester",89.61918745,TRUE,C7H13BrO2,41145-84-0,8.974865552,60388.00983,51960.07622,,194538.3381,,,
6.336500183,"Benzene, 1,2,4,5-tetramethyl-",91.58980157,TRUE,C10H14,95-93-2,200.4740076,94442.8951,78162.62855,,260521.0955,,,
6.345022912,"Ethanethioamide, N,N-dimethyl-",96.85615405,TRUE,C4H9NS,631-67-4,4017.675323,1537171.598,1139215.388,,4761423.273,,,
6.359893965,"4-Chlorobenzoic acid, 4-nitrophenyl ester",92.3841223,TRUE,C13H8ClNO4,1000307-76-2,109.4333875,8594.061775,6771.62556,,24560.65525,,,
6.409784855,Benzyl methyl ketone,93.10137071,TRUE,C9H10O,103-79-7,86.71753514,454983.1757,368622.3137,,2040382.719,,,
6.423499339,"4-Chlorobenzoic acid, 4-nitrophenyl ester",91.50985798,TRUE,C13H8ClNO4,1000307-76-2,386.6929377,29230.42238,23328.33947,,91169.80105,,,
6.443938031,"Phosphoric acid, 2-chloroethenyl dimethyl ester",81.79942446,TRUE,C4H8ClO4P,17027-41-7,123.6905828,13388.68671,10104.76231,,41279.58616,,,
6.494563391,"Phenol, 2-nitro-",90.8681854,TRUE,C6H5NO3,88-75-5,2095.914652,370009.8023,283346.2171,,1591220.11,,,
6.55716132,"Indan, 1-methyl-",85.43854471,TRUE,C10H12,767-58-8,14.79494096,18281.21492,13137.15317,,97168.11667,,,
6.624438201,"Phenol, 2-ethoxy-",97.40579374,TRUE,C8H10O2,94-71-3,3536.381958,1177049.196,851462.4949,,2958521.633,,,
6.708322905,"O,O,O-Triethyl thiophosphate",92.02183966,TRUE,C6H15O3PS,126-68-1,25.79445777,20771.53716,15791.46696,,158019.2453,,,
6.727493426,"Benzenamine, 4-chloro-2-(trifluoromethyl)-",82.17845621,TRUE,C7H5ClF3N,445-03-4,115.2731555,7315.42473,5612.159475,,34380.25992,,,
6.81692667,"Butanedioic acid, diethyl ester",91.38247244,TRUE,C8H14O4,123-25-1,3210.843735,313788.5223,249392.5581,,925626.0808,,,
6.820042239,"Benzenamine, 2,4-dimethyl-",84.04547102,TRUE,C8H11N,95-68-1,787.7286895,159690.6688,103074.7179,,659326.3348,,,
6.839782064,"Benzoic acid, ethyl ester",94.46903451,TRUE,C9H10O2,93-89-0,972.029494,1899907.467,1270228.964,,5110106.419,,,
6.871177728,2-Isopropoxyphenol,93.17883193,TRUE,C9H12O2,4812-20-8,6880.755201,2389217.828,1677473.878,,3876959.606,,,
6.900098377,"Phosphorodithioic acid, O,O,S-trimethyl ester",84.89159427,TRUE,C3H9O2PS2,2953-29-9,136.5284095,69176.10155,51286.42316,,384466.1518,,,
6.914318054,"Benzonitrile, 4-chloro-",97.49520546,TRUE,C7H4ClN,623-03-0,18369.1387,2025802.537,1375648.167,,5318628.19,,,
7.005055287,"Benzene, 1,3,5-trichloro-",95.61029886,TRUE,C6H3Cl3,108-70-3,1739.799343,30241.3422,21995.52857,,184017.115,,,
7.057843286,"4-Methylbicyclo(3.2.2)nona-3,6-dien-2-one",81.53003667,TRUE,C10H12O,1000426-97-1,163.0129186,25282.71828,17990.01228,,98409.49241,,,
7.077854241,"Phenol, 2-(1-methylethyl)-",95.20730502,TRUE,C9H12O,88-69-7,565.4959759,548998.7582,346486.0278,,1676185.826,,,
7.116587489,Naphthalene,94.60158905,TRUE,C10H8,91-20-3,686.5431203,274573.0047,191946.1474,,538036.3777,,,
7.145731465,"Phosphoramidothioic acid, O,O-diethyl ester",85.53180143,TRUE,C4H12NO2PS,17321-48-1,266.5964705,35581.28165,24156.30034,,191346.2311,,,
7.166204768,"N,N-Diethyl-N'-formyl-N'-methoxyurea",82.5177363,TRUE,C7H14N2O3,146039-03-4,27553.84595,2820226.872,1893802.477,,8595917.576,,,
7.247951392,p-Chloroaniline,95.89244323,TRUE,C6H6ClN,106-47-8,502.1655412,401526.5363,195000.8129,,1210931.219,,,
7.311120035,"2-Thiophenecarboxylic acid, 5-methyl-, methyl ester",81.84502744,TRUE,C7H8O2S,19432-69-0,59.26127371,16546.33895,11276.91421,,38610.52136,,,
7.455048995,"Phosphorothioic acid, O,O-diethyl S-methyl ester",87.00605512,TRUE,C5H13O3PS,2404/5/9,736.6738636,278072.3777,175928.564,,2738098.598,,,
7.514851631,"Phosphoramidothioic acid, O,S-dimethyl ester",94.20592166,TRUE,C2H8NO2PS,10265-92-6,2720.900226,3446321.518,472557.825,,11311117.06,,,
7.530174395,4-Isopropylphenyl isocyanate,95.86321609,TRUE,C10H11NO,31027-31-3,4067.501285,1719622.463,1103012.16,,5358385.69,,,
7.716492627,"Benzeneacetic acid, ethyl ester",82.33071255,TRUE,C10H12O2,101-97-3,6.284227811,73701.87056,39724.22715,,108139.1335,,,
7.789164685,Dichlorvos,94.22330327,TRUE,C4H7Cl2O4P,62-73-7,5244.458571,5751924.743,3433684.669,,12855201.04,,,
8.016600432,"Phenol, 4-bromo-2-chloro-",92.93056908,TRUE,C6H4BrClO,3964-56-5,942.5974385,105212.7113,42133.59121,,461620.4275,,,
8.107550684,"Phenol, 2-(1-methylpropyl)-",82.87538024,TRUE,C10H14O,89-72-5,658.8163887,805160.6343,422193.4605,,2756650.022,,,
8.277972947,"Phosphorothioic acid, O,O,S-triethyl ester",84.0179221,TRUE,C6H15O3PS,1186-09-0,231.9163626,115517.4013,71264.30055,,910575.1239,,,
8.406611161,"1,3,5-Triazin-2-amine, 4-methoxy-6-methyl-",95.72856012,TRUE,C5H8N4O,1668-54-8,1201.748426,2891444.545,852415.0642,,12349650.07,,,
8.454366335,"Disulfide, methyl phenyl",90.87179602,TRUE,C7H8S2,14173-25-2,520.6780827,92881.07615,56568.02558,,504785.1774,,,
8.482045201,"Benzenamine, 2-chloro-4-methyl-",81.53131684,TRUE,C7H8ClN,615-65-6,6.204388985,37262.4789,20958.93217,,147855.4105,,,
8.548522128,"7-Benzofuranol, 2,3-dihydro-2,2-dimethyl-",92.28182929,TRUE,C10H12O2,1563-38-8,499.7047832,656898.6752,324655.3283,,5053919.607,,,
8.578569231,"Benzenamine, 5-chloro-2-methyl-",90.30945755,TRUE,C7H8ClN,95-79-4,383.6304281,278344.5292,140662.6347,,959151.7454,,,
8.653205856,"Benzoic acid, 2-hydroxy-, 1-methylethyl ester",94.09568724,TRUE,C10H12O3,607-85-2,2276.804387,652465.0282,375773.9548,,1582871.606,,,
8.67417843,"Phenol, 2-methyl-5-(1-methylethyl)-",91.83915437,TRUE,C10H14O,499-75-2,1505.666834,503730.5527,242841.9351,,1721128.349,,,
8.68798878,"Benzene, 1,2-dichloro-4-isocyanato-",93.03388977,TRUE,C7H3Cl2NO,102-36-3,212.4390284,136928.0831,37227.53265,,564754.7398,,,
8.752026083,"Cyclohexasiloxane, dodecamethyl-",88.3175946,TRUE,C12H36O6Si6,540-97-6,742.9814873,229902.6297,132267.4228,,1191542.088,,,
8.782732881,"2,6-Difluorobenzamide",96.5739043,TRUE,C7H5F2NO,18063-03-1,10165.53035,9278362.036,2011921.927,,21930635.77,,,
8.944886749,"2-Amino-4,6-dimethoxypyrimidine",96.5233071,TRUE,C6H9N3O2,36315-01-2,32055.55497,7470607.489,3159607.05,,29421895.69,,,
8.963312662,Oxydisulfoton,90.88269595,TRUE,C8H19O3PS3,2497/7/6,1215.17895,3290624.714,1810199.718,,10180751.17,,,
9.052886719,"2-Chloro-N,N-diethylacetoacetamide",82.97579875,TRUE,C8H14ClNO2,15844-87-8,92.29362131,38987.71932,21306.01922,,400656.8971,,,
9.140943968,"Carbamic acid, phenyl-, methyl ester",91.37134566,TRUE,C8H9NO2,2603/10/3,372.4235907,93412.01237,35773.31466,,703656.2285,,,
9.318103744,"2-Pyrimidinamine, 4-chloro-6-methoxy-",88.2455912,TRUE,C5H6ClN3O,5734-64-5,1671.42525,387128.6981,136409.2655,,2116042.714,,,
9.328474436,"Benzonitrile, 2,6-dichloro-",98.2950871,TRUE,C7H3Cl2N,1194-65-6,43161.77835,4805745.894,2250436.455,,16688145.74,,,
9.349919347,"Phosphorodithioic acid, O,O-diethyl ester",80.19424178,TRUE,C4H11O2PS2,298-06-6,1052.395446,142031.3836,80853.0387,,829043.5534,,,
9.360008024,"Pyridine, 3-(1-methyl-2-pyrrolidinyl)-, (S)-",96.25640429,TRUE,C10H14N2,1954/11/5,3393.397934,2844829.801,1400569.426,,7268448.542,,,
9.414147131,"Phenol, 2,4,6-trichloro-",97.5455739,TRUE,C6H3Cl3O,1988/6/2,327.3321557,1365393.454,500515.7889,,8412788.083,,,
9.720106244,"1,3-Benzenediol, monobenzoate",85.10121756,TRUE,C13H10O3,136-36-7,10.12880795,42860.76931,17205.60642,,101988.7003,,,
9.789753355,"Morpholine, 4-phenyl-",82.69413704,TRUE,C10H13NO,92-53-5,2568.337289,340114.4231,180501.7949,,2186429.583,,,
9.798705776,"Quinoline, 4,7-dichloro-",80.458925,TRUE,C9H5Cl2N,86-98-6,2617.472691,419370.6928,172833.5096,,1591808.897,,,
9.897953929,Biphenyl,99.27357379,TRUE,C12H10,92-52-4,27210.01211,6519306.474,3091884.546,,18318310.43,,,
10.03504772,Hexadecane,91.56758186,TRUE,C16H34,544-76-3,16.01573075,105262.8269,45662.42329,,528377.3956,,,
10.14679216,4-Amino-2-chloropyridine,82.1935219,TRUE,C5H5ClN2,14432-12-3,284.6859324,228618.9503,36454.20773,,778085.0823,,,
10.24165437,"Phenol, 4-(dimethylamino)-3,5-dimethyl-",87.28535363,TRUE,C10H15NO,6120/10/1,679.7689717,86952.22189,31846.92422,,564722.3798,,,
10.33196771,"2,4,7,9-Tetramethyl-5-decyn-4,7-diol",82.54724549,TRUE,C14H26O2,126-86-3,3.000009328,200480.7671,77429.05122,,364432.0347,,,
10.45329425,"Ethanone, 2-(formyloxy)-1-phenyl-",92.91817409,TRUE,C9H8O3,55153-12-3,10.7479246,56523.38489,18310.89163,,178100.8038,,,
10.5341231,"2,6-Dimethylphenyl isothiocyanate",86.05912532,TRUE,C9H9NS,19241-16-8,3030.713014,271551.0576,139316.2958,,1083958.286,,,
10.64859585,"Hexanoic acid, 2-diethylaminoethyl ester",96.09183377,TRUE,C12H25NO2,1000330-94-1,1139.487269,2986924.946,1375776.886,,5098159.354,,,
10.72788234,Mevinphos,93.2253797,TRUE,C7H13O6P,7786-34-7,13685.07102,12678890.47,3571169.713,,27423467.62,,,
10.75700526,"Benzenamine, 3,5-dichloro-",91.08347041,TRUE,C6H5Cl2N,626-43-7,355.8321974,175040.038,66627.82607,,664827.7276,,,
11.06583418,"2,4-Difluorobenzoic acid, 4-nitrophenyl ester",85.10766262,TRUE,C13H7F2NO4,1000357-60-4,485.4688792,366429.0135,97832.36732,,786383.309,,,
11.11972189,3-Chlorobenzamide,93.57371603,TRUE,C7H6ClNO,618-48-4,3261.096777,2884235.666,579648.4625,,8910480.512,,,
11.2155816,Etridiazole,94.78722505,TRUE,C5H5Cl3N2OS,2593-15-9,6751.877202,576356.2461,266387.9856,,4283299.684,,,
11.25967884,Phthalimide,80.18128067,TRUE,C8H5NO2,85-41-6,499.8331214,208128.6721,49184.07538,,875193.5739,,,
11.27820258,"Carbamic acid, methyl-, 3-methylphenyl ester",94.27081391,TRUE,C9H11NO2,1129-41-5,3229.944816,4804394.971,1521901.592,,11537284.37,,,
11.6371123,Tetrahydrophthalimide,92.19922518,TRUE,C8H9NO2,27813-21-4,200.9447764,1481508.158,383367.2624,,4977315.016,,,
11.64653811,"Formamide, N-(2,4-dimethylphenyl)-",84.45987378,TRUE,C9H11NO,60397-77-5,149.0934322,448597.4782,107251.6007,,1847302.628,,,
11.75755544,"4-Amino-2,6-dichloropyridine",90.4175881,TRUE,C5H4Cl2N2,1000342-39-5,2041.615669,851298.4948,223977.0805,,3752409.182,,,
11.76709998,"Phosphorodithioic acid, O,O-diethyl ester",81.33699827,TRUE,C4H11O2PS2,298-06-6,5.93830958,20418.50175,9079.867927,,109776.6676,,,
11.85961388,"Cycloheptasiloxane, tetradecamethyl-",87.82352508,TRUE,C14H42O7Si7,107-50-6,203.0567492,148267.8004,67282.78911,,543152.079,,,
11.92440874,"N,N-Dimethyl-1,2,3-trithian-5-amine",94.7351388,TRUE,C5H11NS3,31895-21-3,1979.776582,1604350.324,598362.5097,,4246320.473,,,
12.12674071,Methacrifos,95.61750632,TRUE,C7H13O5PS,62610-77-9,3527.382039,3003815.328,1249422.671,,21570586.34,,,
12.24182737,Chloroneb,97.57052727,TRUE,C8H8Cl2O2,2675-77-6,22564.06395,2326239.132,961388.2156,,12041200.27,,,
12.27264335,Butylated Hydroxytoluene,85.80186858,TRUE,C15H24O,128-37-0,942.2764234,109235.4758,52460.04041,,408403.7401,,,
12.32636488,"O,O-Dimethyl s-(methoxycarbonyl)methyl phosphorodithioate",88.68773731,TRUE,C5H11O4PS2,1000425-85-0,747.9746467,674516.4196,286171.4502,,3101573.739,,,
12.34676711,"l-Norvaline, N-ethoxycarbonyl-, nonyl ester",82.50747552,TRUE,C17H33NO4,1000320-70-6,22.45510469,74856.73136,20279.96736,,121202.7237,,,
12.35305514,o-Hydroxybiphenyl,97.64229564,TRUE,C12H10O,90-43-7,8763.31206,3319554.128,991714.7119,,13984227.33,,,
12.43656607,Dicamba methyl ester,81.60454382,TRUE,C9H8Cl2O3,6597-78-0,113.2431491,33232.42538,13379.3586,,206838.441,,,
12.52968648,"Benzene, pentachloro-",81.16574416,TRUE,C6HCl5,608-93-5,104.7140771,7315.887048,3125.657528,,40804.77172,,,
12.56457447,Lilial,85.24383639,TRUE,C14H20O,80-54-6,878.9214268,61336.2861,28218.02333,,399312.8109,,,
12.74735855,Molinate,85.65154934,TRUE,C9H17NOS,2212-67-1,15351.08001,5273413.293,1998145.216,,17633539.92,,,
12.76998395,"Naphthalene, 1,4-dichloro-",82.4277447,TRUE,C10H6Cl2,1825-31-6,3587.36308,610087.6381,211718.4988,,3323721.595,,,
12.81192491,"Phenol, 2-(1-methylethyl)-, methylcarbamate",96.82865813,TRUE,C11H15NO2,2631-40-5,5643.625679,12666359.8,4163522.297,,28541295.11,,,
12.91419399,4-Methoxy-2-methyl-1-(methylthio)benzene,83.57351804,TRUE,C9H12OS,22583-04-6,2067.789641,712343.1831,204626.0133,,3173226.556,,,
13.07901909,"Benzamide, 4-amino-N-ethyl-",88.41777222,TRUE,C9H12N2O,89399-17-7,1075.460356,1280341.309,368901.6018,,4099146.679,,,
13.32928577,"Acetic acid, (4-chloro-2-methylphenoxy)-, methyl ester",93.90859041,TRUE,C10H11ClO3,2436-73-9,392.3127904,183171.905,71456.20294,,1522406.462,,,
13.42104018,"5-Chloro-2,4-dimethoxyphenyl isocyanate",89.69070258,TRUE,C9H8ClNO3,55440-55-6,2688.979556,683064.008,265601.246,,4781382.281,,,
13.53364125,"Phosphorodithioic acid, O,O-diethyl ester, S-ester with 1-mercaptoethyl acetate",85.00877159,TRUE,C8H17O4PS2,18327-68-9,3.977925655,147739.9527,61566.87195,,336470.8958,,,
13.59589157,"Phosphoric acid, 7-chlorobicyclo[3.2.0]hepta-2,6-dien-6-yl dimethyl ester",94.13113302,TRUE,C9H12ClO4P,23560-59-0,552.1590514,2484641.97,915720.4335,,12588660.36,,,
13.85553456,Hexadecane,91.52089053,TRUE,C16H34,544-76-3,15.61635477,99182.70563,44789.71482,,463440.4474,,,
13.86496071,Diethyl Phthalate,86.59427956,TRUE,C12H14O4,84-66-2,469.5801654,176168.7282,73602.7257,,363636.098,,,
13.90784859,Omethoate,89.49002844,TRUE,C5H12NO4PS,1113-02-6,1745.672848,3673126.907,680201.1476,,15802869.25,,,
14.11650217,"Benzene, 1,2,4,5-tetrachloro-3-nitro-",98.06528695,TRUE,C6HCl4NO2,117-18-0,9203.852249,1241463.52,482283.2097,,13186858.01,,,
14.16831719,Thionazin,94.94788435,TRUE,C8H13N2O3PS,297-97-2,747.3101218,1127648.51,450947.0985,,11669503.53,,,
14.20668802,"Phenol, 2-(1-methylpropyl)-",96.59802337,TRUE,C10H14O,89-72-5,6733.243329,14662362.34,4968217.521,,30874878.32,,,
14.28292332,Propoxur,90.31833805,TRUE,C11H15NO3,114-26-1,18697.38324,19202989.98,6294865.744,,28994067.84,,,
14.30748722,"Phosphorothioic acid, O,O-diethyl O-[2-(ethylthio)ethyl] ester",90.64161378,TRUE,C8H19O3PS2,298-03-3,2144.976343,1871007.076,760543.4536,,8805319.134,,,
14.42302578,Diphenylamine,97.11450494,TRUE,C12H11N,122-39-4,10242.41274,8203023.93,2707946.777,,31758684.97,,,
14.43354017,Demeton-S-methyl,87.90505344,TRUE,C6H15O3PS2,919-86-8,2496.106365,2709524.145,904757.7532,,11639149.02,,,
14.51406641,"Benzenamine, 2,3,5,6-tetrachloro-",86.92683652,TRUE,C6H3Cl4N,3481-20-7,129.1931327,56892.08671,20307.62864,,335146.4728,,,
14.62095353,Benzophenone,91.90750896,TRUE,C13H10O,119-61-9,19.86900898,87634.23242,33697.83584,,274358.7326,,,
14.6941866,Cycloate,89.78001669,TRUE,C11H21NOS,1134-23-2,2312.065838,3398920.251,1319664.473,,11575491.52,,,
14.71515796,Ethoprophos,93.15424834,TRUE,C8H19O2PS2,13194-48-4,960.7585688,4042279.423,1504068.913,,30241086.93,,,
14.89357657,"Benzenemethanimine, .alpha.-phenyl-",90.86781622,TRUE,C13H11N,1013-88-3,5168.018888,1517660.695,512101.6525,,3824197.241,,,
15.04120217,Chlorpropham,97.36095137,TRUE,C10H12ClNO2,101-21-3,1727.5055,5118188.405,1764866.796,,25536523.96,,,
15.16282161,Chlordimeform,94.76223555,TRUE,C10H13ClN2,6164-98-3,1167.309476,1486071.711,560007.6742,,15193152.41,,,
15.2483015,Desethylatrazine,93.83115953,TRUE,C6H10ClN5,6190-65-4,3104.525597,2888881.607,764133.6277,,11405326.93,,,
15.29801216,Ethalfluralin,90.24748697,TRUE,C13H14F3N3O4,55283-68-6,157.2259722,505458.2578,230607.4094,,4672338.066,,,
15.43736733,"2,4-Dichlorobenzamide",89.52739491,TRUE,C7H5Cl2NO,2447-79-2,1083.39233,637799,151901.2725,,2080723.084,,,
15.51391078,Dicrotophos,92.17623496,TRUE,C8H16NO5P,141-66-2,1806.741809,6699049.503,1872476.748,,13419969.52,,,
15.54175465,Bendiocarb,92.11943577,TRUE,C11H13NO4,22781-23-3,3882.264702,2516150.13,884684.9701,,7130672.835,,,
15.65655354,Trifluralin,92.04438052,TRUE,C13H16F3N3O4,1582-09-8,8259.660074,2089986.928,871145.2933,,10997980.38,,,
15.73989908,Benfluralin,90.37562513,TRUE,C13H16F3N3O4,1861-40-1,20788.02627,2769106.914,1129894.408,,10913183.56,,,
15.78520827,"Phosphoric acid, dimethyl 1-methyl-3-(methylamino)-3-oxo-1-propenyl ester, (Z)-",92.53924693,TRUE,C7H14NO5P,919-44-8,1697.008957,6250175.304,1757529.225,,13529584.3,,,
15.81734434,Sulfotep,90.79714318,TRUE,C8H20O5P2S2,3689-24-5,1122.645926,2226317.336,835267.7245,,23435804.37,,,
15.90730102,"Phenol, 3-methyl-5-(1-methylethyl)-, methylcarbamate",94.97321316,TRUE,C12H17NO2,2631-37-0,9424.259786,4458163.418,1604489.803,,12833960.47,,,
15.9282559,Phorate,93.69351758,TRUE,C7H17O2PS3,298-02-2,2149.60192,9788900.677,3570132.647,,30997928.03,,,
16.03116338,.alpha.-Lindane,94.62524052,TRUE,C6H6Cl6,319-84-6,27884.32422,2456659.763,868563.1522,,17955295.72,,,
16.23975842,2-Chlorobenzenesulfonamide,90.34004897,TRUE,C6H6ClNO2S,6961-82-6,413.2750465,517548.353,133725.7532,,2563117.368,,,
16.29941678,"Benzene, hexachloro-",98.8753485,TRUE,C6Cl6,118-74-1,14863.94344,2040390.475,743092.4992,,12110782.85,,,
16.447789,Ethyl (p-hydroxyphenyl)carbamate,80.71044202,TRUE,C9H11NO3,7159-95-7,144.7519613,296665.8199,65436.65761,,1314427.516,,,
16.4944446,Botran,95.73333978,TRUE,C6H4Cl2N2O2,99-30-9,371.2636544,1632782.01,470044.5608,,12944470.71,,,
16.57935053,Demeton-S,88.13341355,TRUE,C8H19O3PS2,126-75-0,7804.908738,3765452.859,1375444.943,,15604893.98,,,
16.62506098,Dimethoate,80.65725324,TRUE,C5H12NO3PS2,60-51-5,6392.36665,5708093.418,1514972.673,,17885354.59,,,
16.64778768,Atraton,92.83188199,TRUE,C9H17N5O,1610-17-9,4737.868419,1573883.513,531098.6104,,13134688.76,,,
16.73898011,Ethoxyquin,95.49668881,TRUE,C14H19NO,91-53-2,2349.129583,813244.4397,303448.7264,,2430401.577,,,
16.75983544,p-Aminotoluene,81.62550265,TRUE,C7H9N,106-49-0,79.06574337,64366.53654,13632.89072,,202484.1006,,,
16.8328155,Simazine,96.52742244,TRUE,C7H12ClN5,122-34-9,3307.645616,1957476.233,674381.4911,,23611520.02,,,
16.91865922,"Diphosphoramide, octamethyl-",84.74423563,TRUE,C8H24N4O3P2,152-16-9,581.3157905,468082.0432,159738.0828,,3036514.035,,,
16.94433171,"7-Benzofuranol, 2,3-dihydro-2,2-dimethyl-",96.30825954,TRUE,C10H12O2,1563-38-8,30175.13961,8984546.289,2889284.663,,39521318.76,,,
17.00554333,Monolinuron,91.16869088,TRUE,C9H11ClN2O2,1746-81-2,9476.325338,2217863.582,681546.3527,,6139761.197,,,
17.02605536,"1,4-Dithiin, 2,3-dihydro-5,6-dimethyl-, 1,1,4,4-tetraoxide",82.60388671,TRUE,C6H10O4S2,55290-64-7,374.5902004,748067.528,235539.4328,,4458643.764,,,
17.05661031,Atrazine,96.23069526,TRUE,C8H14ClN5,1912-24-9,10101.98137,3527439.491,1263643.168,,26790473.97,,,
17.11981424,Dimethazone,91.98826408,TRUE,C12H14ClNO2,81777-89-1,7827.28826,10911505.55,3589075.183,,30889779.87,,,
17.13683548,.delta.-Lindane,90.20341596,TRUE,C6H6Cl6,319-86-8,2876.207566,1925876.245,580673.838,,15263160.56,,,
17.23343433,Propazine,91.40119908,TRUE,C9H16ClN5,139-40-2,2741.94258,1389247.606,514061.3126,,13543744.43,,,
17.3071265,.delta.-Lindane,94.07668401,TRUE,C6H6Cl6,319-86-8,3763.84445,2159162.528,753491.5983,,17329543.01,,,
17.41505496,"Phosphorodithioic acid, O,O-diethyl S-(5,6-dihydro-1,4-dioxin-2-yl) ester",89.78923322,TRUE,C8H15O4PS2,16270-87-4,209.8463475,848111.6619,328654.3331,,2510020.505,,,
17.4855557,Phosphorus pentafluoride,83.95774696,TRUE,F5P,7647-19-0,20.5222865,18123.57482,4265.332761,,37815.89631,,,
17.4967572,"2,3,4,5,6-Pentachloroaniline",83.2251247,TRUE,C6H2Cl5N,527-20-8,1051.768003,166706.5957,57152.00468,,1213660.631,,,
17.50077058,"Benzene, pentachloronitro-",97.19976272,TRUE,C6Cl5NO2,82-68-8,8683.617312,1041266.825,392040.1751,,12274447.72,,,
17.59583925,"Phosphorodithioic acid, S-[(tert-butylthio)methyl] O,O-diethyl ester",91.9548073,TRUE,C9H21O2PS3,13071-79-9,1133.817331,8595810.99,3025203.024,,34024933.5,,,
17.618739,Terbuthylazine,92.10588648,TRUE,C9H16ClN5,5915-41-3,20902.00343,3894172.042,1386857.359,,24091818.66,,,
17.6804962,Fonofos,92.44889147,TRUE,C10H15OPS2,944-22-9,10029.19866,10962847.08,3606719.322,,34294922.98,,,
17.70234481,"2-Butenoic acid, 3-[[(ethylamino)methoxyphosphinothioyl]oxy]-, 1-methylethyl ester, (E)-",90.39666247,TRUE,C10H20NO4PS,31218-83-4,4391.958722,4347205.799,1674342.88,,20750486.36,,,
17.73836585,Propyzamide,94.47408186,TRUE,C12H11Cl2NO,23950-58-5,23528.90926,5559405.522,1990931.772,,22979717.77,,,
17.80408768,Profluralin,93.11299548,TRUE,C14H16F3N3O4,26399-36-0,806.6212926,2594577.778,1135933.078,,6515805.934,,,
17.89852134,Pyrimethanil,98.41190884,TRUE,C12H13N3,53112-28-0,63614.67663,15181915.19,4764321.325,,35333012.72,,,
18.15821166,Diazinone,95.59245147,TRUE,C12H21N2O3PS,333-41-5,6316.86227,3632546.651,1364101.393,,28439122.1,,,
18.17358667,Phosphamidon,89.35063511,TRUE,C10H19ClNO5P,13171-21-6,2665.739879,1296362.228,504143.8302,,3595589.24,,,
18.23560115,Disulfoton,92.52914613,TRUE,C8H19O2PS3,298-04-4,14013.43997,6921540.615,2484847.66,,31263497.45,,,
18.26340615,"Phosphoric acid, dimethyl 4-nitrophenyl ester",80.53198276,TRUE,C8H10NO6P,950-35-6,503.4169771,1699792.041,636317.6567,,7148562.183,,,
18.28464246,.alpha.-Lindane,92.50939265,TRUE,C6H6Cl6,319-84-6,5299.783722,1930887.245,686532.3571,,15434686.15,,,
18.34271225,Methyl 2-(aminosulfonyl)benzoate,85.2871872,TRUE,C8H9NO4S,57683-71-3,3753.534031,1719489.29,520919.8487,,7861840.377,,,
18.51351539,Mexacarbate,95.56735192,TRUE,C12H18N2O2,315-18-4,6282.048363,926314.078,376904.5648,,4613318.316,,,
18.57436715,Triallate,95.35479278,TRUE,C10H16Cl3NOS,2303-17-5,1720.097233,6033720.323,2235947.209,,24492558.45,,,
18.62436294,Tefluthrine,84.1886258,TRUE,C17H14ClF7O2,79538-32-2,6844.210474,2354448.257,895441.775,,4641389.389,,,
18.63338231,"Phosphorothioic acid, O-[5-chloro-1-(1-methylethyl)-1H-1,2,4-triazol-3-yl] O,O-diethyl ester",93.80216965,TRUE,C9H17ClN3O3PS,42509-80-8,18067.84742,3411392.069,1241428.697,,30908619.8,,,
18.71623597,"Phosphorothioic acid, O-(6-ethoxy-2-ethyl-4-pyrimidinyl) O,O-dimethyl ester",94.95178259,TRUE,C10H17N2O4PS,38260-54-7,9148.434592,1967075.136,752692.3718,,16015759.08,,,
18.88702175,Iprobenfos,91.88740604,TRUE,C13H21O3PS,26087-47-8,805.1179285,11395689.05,4152731.658,,31716052.09,,,
18.90738965,Phostebupirim,92.96923342,TRUE,C13H23N2O3PS,96182-53-5,3319.011191,915203.2711,361636.8852,,9082050.131,,,
18.91157596,"2-Amino-4,6-dimethoxypyrimidine",89.75817545,TRUE,C6H9N3O2,36315-01-2,387.4418572,493945.4251,129806.2522,,2626576.201,,,
19.04167359,Formothion,87.70278862,TRUE,C6H12NO4PS2,2540-82-1,1186.905854,2576178.671,938517.7318,,9491974.222,,,
19.06808006,"2,3,4,5,6-Pentachloroaniline",97.97906018,TRUE,C6H2Cl5N,527-20-8,23584.85665,3510565.612,1149202.941,,20927460.48,,,
19.09513034,Ethiofencarb,88.58605976,TRUE,C11H15NO2S,29973-13-5,555.8311149,4005493.761,1574658.208,,7853238.303,,,
19.13137438,Pirimicarb,94.90111329,TRUE,C11H18N4O2,23103-98-2,12007.08095,12014319.86,4237460,,36483714.78,,,
19.22076339,"O,O-Dimethyl O-(2,4,5-trichloro)phenyl phosphate",91.76779341,TRUE,C8H8Cl3O4P,3983-45-7,11198.82589,1638882.765,622366.7719,,6650018.837,,,
19.38231524,Desmetryn,97.05289283,TRUE,C8H15N5S,1014-69-3,3649.817299,1811760.808,677555.858,,13207079.8,,,
19.49944205,Propanil,86.16260218,TRUE,C9H9Cl2NO,709-98-8,6857.515853,6163942.277,2010204.323,,15922333.67,,,
19.52304491,Dichlofenthion,91.10914727,TRUE,C10H13Cl2O3PS,97-17-6,4620.145766,3216480.545,1182997.341,,20715667.67,,,
19.57686392,Dimethenamid,94.40998019,TRUE,C12H18ClNO2S,87674-68-8,11423.58895,7937300.398,2719996.771,,23104270.66,,,
19.58436408,Phosphamidon,90.32757121,TRUE,C10H19ClNO5P,13171-21-6,1106.980993,3487450.103,1293620.856,,12430623.72,,,
19.59614579,Metribuzin,85.09187233,TRUE,C8H14N4OS,21087-64-9,6504.299494,2873574.411,979110.5515,,10525331.54,,,
19.69300905,"Acetic acid, (2,4-dichlorophenoxy)-, butyl ester",90.72443885,TRUE,C12H14Cl2O3,94-80-4,1934.493868,1114547.626,448114.1991,,8785985.82,,,
19.80948261,"Acetamide, 2-chloro-N-(ethoxymethyl)-N-(2-ethyl-6-methylphenyl)-",95.37156441,TRUE,C14H20ClNO2,34256-82-1,5294.748572,1923171.116,744105.3484,,22811720.3,,,
19.86017805,Chloropyriphos-methyl,90.73452734,TRUE,C7H7Cl3NO3PS,5598-13-0,22586.50498,3900611.699,1339916.457,,23803266.97,,,
19.87553629,Vinclozoline,91.35052979,TRUE,C12H9Cl2NO3,50471-44-8,2728.838557,1019109.392,382165.8768,,12960530.53,,,
19.97219601,Acibenzolar-S-methyl,89.12862291,TRUE,C8H6N2OS2,135158-54-2,2083.965255,384411.7064,142035.3307,,3113378.475,,,
19.98283604,"3,7-Benzofurandiol, 2,3-dihydro-2,2-dimethyl-",84.83206699,TRUE,C10H12O3,17781-15-6,1617.564188,2217871.805,575490.4721,,7522182.775,,,
20.01043959,Simetryn,93.62950602,TRUE,C8H15N5S,1014-70-6,4067.91449,2064825.562,759434.1923,,10966986.9,,,
20.02269498,Tolclofos-methyl,82.75797279,TRUE,C9H11Cl2O3PS,57018-04-9,31210.3099,5598274.404,1825955.048,,31647008.9,,,
20.03617264,1-Naphthalenol,89.37981567,TRUE,C10H8O,90-15-3,3220.399442,5219044.385,1620708.476,,12651205.48,,,
20.04925328,Heptachlor,93.21263784,TRUE,C10H5Cl7,76-44-8,3603.435357,1267668.705,461487.9171,,9425075.197,,,
20.11038407,"1,4-Dioxane-2,6-dione",88.53049674,TRUE,C4H4O4,4480-83-5,3.892612068,818536.1493,239187.4437,,1070925.766,,,
20.17460186,Alachlor,94.89123767,TRUE,C14H20ClNO2,15972-60-8,684.7513842,3064781.452,1138084.074,,24387745.48,,,
20.22128649,Ametryn,96.16186988,TRUE,C9H17N5S,834-12-8,4531.889129,3350030.857,1233641.17,,27764275.35,,,
20.37678577,Prometryn,93.01891886,TRUE,C10H19N5S,7287-19-6,5688.030528,2944548.185,1120565.57,,21023436.59,,,
20.39705803,Diethyl p-nitrophenyl phosphate,84.7606867,TRUE,C10H14NO6P,311-45-5,1526.601795,723206.6053,257839.5701,,8493939.179,,,
20.40578713,Metalaxyl,80.07564964,TRUE,C15H21NO4,57837-19-1,433.0933636,1513771.538,490081.0185,,26651766.96,,,
20.4139473,Ronnel,92.69007211,TRUE,C8H8Cl3O3PS,299-84-3,16981.27377,2682218.843,928082.0817,,11908219.31,,,
20.45536505,Nitrous oxide,85.18770689,TRUE,N2O,10024-97-2,5.918474461,1137197.313,234504.2336,,1542789.262,,,
20.4634123,"Phosphoric acid, dimethyl 3-methyl-4-(methylthio)phenyl ester",93.43118788,TRUE,C10H15O4PS,6552/12/1,6793.11966,2137916.977,809982.9526,,8119104.814,,,
20.60892191,Demeton-S-methyl sulfone,95.59937685,TRUE,C6H15O5PS2,17040-19-6,2739.200054,1469313.59,499518.6869,,6052605.767,,,
20.62206196,Fenpropidin,91.95803193,TRUE,C19H31N,67306-00-7,25455.01228,13598894.93,4739252.605,,20310649.65,,,
20.7685652,"2-Pyridinecarboxylic acid, 4-amino-3,5,6-trichloro-, methyl ester",91.12760642,TRUE,C7H5Cl3N2O2,14143-55-6,193.3711363,34801.10924,12532.36143,,209714.4985,,,
20.7837369,Trinexapac-ethyl,92.57698967,TRUE,C13H16O5,95266-40-3,1722.495775,1115362.427,411871.7111,,4210874.071,,,
20.8434609,Terbutryn,95.5648148,TRUE,C10H19N5S,886-50-0,3489.177801,2132121.115,793437.4539,,14618672.89,,,
20.91545624,Methiocarb,85.08117544,TRUE,C11H15NO2S,2032-65-7,7085.613963,4598140.723,1626366.642,,14407857.85,,,
20.9339398,Fenitrothion,92.20164018,TRUE,C9H12NO5PS,122-14-5,1132.789869,2397383.699,927764.326,,12736678.1,,,
21.02450247,Linuron,89.49186376,TRUE,C9H10Cl2N2O2,330-55-2,6776.902609,896688.2304,343326.498,,2292919.626,,,
21.03869599,Bromacil,87.9324864,TRUE,C9H13BrN2O2,314-40-9,8513.661975,2427760.404,789089.1062,,9959535.714,,,
21.06277348,Pirimiphos methyl,94.67277113,TRUE,C11H20N3O3PS,29232-93-7,20114.59344,2151026.307,792059.7268,,20270800.69,,,
21.08423909,Ethofumesate,90.00651824,TRUE,C13H18O5S,26225-79-6,10156.30164,3319194.491,1209724.456,,20163094.06,,,
21.13817143,Dibutyl phthalate,80.73836106,TRUE,C16H22O4,84-74-2,1555.800817,465331.0887,188152.1586,,534451.0167,,,
21.23213306,Phorate sulfoxide,90.25958205,TRUE,C7H17O3PS3,2588/3/6,273.4290547,1179325.342,437074.0587,,3709186.241,,,
21.31252456,Benthiocarb,88.6027698,TRUE,C12H16ClNOS,28249-77-6,9870.528883,7455455.317,2696965.426,,21799575.41,,,
21.33853307,Aldrin,92.89721051,TRUE,C12H8Cl6,309-00-2,911.3555811,1438312.098,502710.6756,,13837792.17,,,
21.35153816,Dipropetryn,93.98205684,TRUE,C11H21N5S,4147-51-7,11260.48733,1219105.033,479593.3273,,11255324.57,,,
21.4080014,Malathion,93.8691389,TRUE,C10H19O6PS2,121-75-5,1758.654371,3866910.488,1446991.448,,24246096.43,,,
21.5305381,Phorate sulfone,93.57752287,TRUE,C7H17O4PS3,2588/4/7,1267.718357,5713753.669,2008563.982,,23179789.42,,,
21.55764588,Metolachlor,89.36211785,TRUE,C15H22ClNO2,51218-45-2,17545.45615,11704168.61,3086932.197,,31270536.21,,,
21.59589606,Diethofencarb,85.84985109,TRUE,C14H21NO4,87130-20-9,4273.557864,1514675.237,621943.6207,,10776127.94,,,
21.619461,(R)-(-)-2-Amino-1-propanol,80.52240303,TRUE,C3H9NO,35320-23-1,10.20317239,963196.8715,236543.8319,,1297479.988,,,
21.66450711,Fenthion,98.05180334,TRUE,C10H15O3PS2,55-38-9,32114.79356,5944405.021,2031570.445,,32306662.12,,,
21.7299128,Fenpropimorph,92.42475036,TRUE,C20H33NO,67564-91-4,7679.970731,10438927.19,3913771.742,,17274080.02,,,
21.7502584,Chlorpyrifos,91.50529365,TRUE,C9H11Cl3NO3PS,2921-88-2,13146.1353,2116436.289,756960.2318,,17793791.25,,,
21.76573763,Dicofol,89.04628983,TRUE,C14H9Cl5O,115-32-2,1317.207413,2477338.561,746579.4114,,14861044.6,,,
21.77613428,Parathion,88.88192708,TRUE,C10H14NO5PS,56-38-2,2232.587838,2269899.945,861354.2918,,14334949.06,,,
21.79580937,Cyanazine,91.63351579,TRUE,C9H13ClN6,21725-46-2,4165.699102,480224.5479,193218.6748,,7164353.205,,,
21.86411253,Triadimefon,93.20258988,TRUE,C14H16ClN3O2,43121-43-3,1140.687428,8496239.079,3050976.647,,27567888,,,
21.90812505,DCPA,96.76872186,TRUE,C10H6Cl4O4,1861-32-1,4232.854708,461846.4472,186009.1298,,2143897.134,,,
21.97184827,Flufenacet,88.82900618,TRUE,C14H13F4N3O2S,142459-58-3,2119.846195,1214443.32,488428.2365,,6290842.931,,,
22.0066508,"Benzoic acid, 2-[(aminomethoxyphosphinothioyl)oxy]-, 1-methylethyl ester",87.32610947,TRUE,C11H16NO4PS,24353-61-5,10168.29785,4010069.677,1518257.304,,20220575.05,,,
22.06617779,Isofenphos oxon,85.22891165,TRUE,C15H24NO5P,1000290-20-7,4405.953764,2157523.005,834846.8055,,9215561.493,,,
22.12597538,Tetraconazole,97.46627636,TRUE,C13H11Cl2F4N3O,112281-77-3,26684.11547,3381983.922,1222803.14,,15835179.67,,,
22.18760164,Trichloronat,87.05692163,TRUE,C10H12Cl3O2PS,327-98-0,3080.590642,2884358.252,1050680.596,,11577620.33,,,
22.19968489,"Phthalide, 4,5,6,7-tetrachloro-",95.14142747,TRUE,C8H2Cl4O2,27355-22-2,10955.2963,1308577.003,448430.3655,,6494881.345,,,
22.35297339,Bromophos,94.68682338,TRUE,C8H8BrCl2O3PS,2104-96-3,15502.3005,1516850.749,566531.3747,,7646903.481,,,
22.36626293,Fosthiazate-1,85.18700341,TRUE,C9H18NO3PS2,98886-44-3,194.5758745,831218.0502,312156.0077,,6506897.395,,,
22.39865914,Butralin,93.78317534,TRUE,C14H21N3O4,33629-47-9,21423.96091,2349419.659,937904.0792,,12477923.36,,,
22.46272912,Fosthiazate-1,90.73497591,TRUE,C9H18NO3PS2,98886-44-3,245.6223345,1064367.785,391765.6036,,8375339.759,,,
22.47908913,Demeton S-sulfone,84.99083989,TRUE,C8H19O5PS2,2496-91-5,2061.755534,928134.5708,347940.1935,,4745295.051,,,
22.70606038,Isopropalin,86.6620197,TRUE,C15H23N3O4,33820-53-0,7355.577566,712165.626,302506.1246,,3126318.041,,,
22.74286353,Methoprene,80.87154396,TRUE,C19H34O3,40596-69-8,622.2322357,519874.8207,200390.0017,,2190976.321,,,
22.86723473,Metazachlor,94.52534764,TRUE,C14H16ClN3O,67129-08-2,5235.88601,2542900.358,922946.7924,,16366350.62,,,
22.89924064,Clofenvinfos,86.47811545,TRUE,C12H14Cl3O4P,470-90-6,368.9538608,208276.5569,85120.24274,,1047556.365,,,
22.95061696,Pendimethalin,80.90810952,TRUE,C13H19N3O4,40487-42-1,21511.8625,2973333.044,1110444.63,,16938782.46,,,
22.98280393,Penconazole,92.15663721,TRUE,C13H15Cl2N3,66246-88-6,3795.584992,5386628.109,1805589.538,,22081693.59,,,
22.99240843,Terbufos sulfone,86.24181381,TRUE,C9H21O4PS3,56070-16-7,1006.995795,4593968.028,1613372.61,,23757236.54,,,
23.02456902,Thiabendazole,91.87285087,TRUE,C10H7N3S,148-79-8,1218.406182,1774438.459,523642.2292,,5782903.274,,,
23.13003767,Phosfolan,93.22538958,TRUE,C7H14NO3PS2,947-02-4,12499.21463,2896613.057,971594.8416,,17835389.13,,,
23.21163984,(R)-(-)-2-Amino-1-propanol,81.42827967,TRUE,C3H9NO,35320-23-1,10.22648268,1960960.766,264723.1814,,2412875.046,,,
23.25031267,Mephosfolan,89.28263203,TRUE,C8H16NO3PS2,950-10-7,7214.878588,1724708.078,570786.5224,,9844315.4,,,
23.31200696,cis-Chlorfenvinphos,93.39052611,TRUE,C12H14Cl3O4P,18708-87-7,4365.196216,2793287.431,1020921.608,,16586641.78,,,
23.33414633,"Benzoic acid, 2-[[ethoxy[(1-methylethyl)amino]phosphinothioyl]oxy]-, 1-methylethyl ester",86.83395236,TRUE,C15H24NO4PS,25311-71-1,503.7552247,4715606.787,1712994.716,,21695449.13,,,
23.38885419,Quinalphos,85.55595622,TRUE,C12H15N2O3PS,13593-03-8,14354.89245,3621594.4,1244946.732,,29269317.58,,,
23.41050005,Triadimenol,83.10537005,TRUE,C14H18ClN3O2,55219-65-3,2145.590838,2957281.426,919277.7623,,11332619.53,,,
23.42224871,"5-Amino-1-[2,6-dichloro-4-(trifluoromethyl)phenyl]-4-(trifluoromethylsulfinyl)pyrazole-3-carbonitrile",88.07230005,TRUE,C12H4Cl2F6N4OS,120068-37-3,11601.30077,1584331.276,627480.0859,,9895270.466,,,
23.53290137,Zoxamide,91.08607603,TRUE,C14H16Cl3NO2,156052-68-5,1428.568287,490843.7448,167568.5994,,3271285.474,,,
23.60201715,Procymidone,93.18167397,TRUE,C13H11Cl2NO2,32809-16-8,2232.238035,6049609.517,2127541.356,,27076236.91,,,
23.66530784,Quinomethionate,90.0133477,TRUE,C10H6N2OS2,2439/1/2,998.4967261,2454214.966,776057.1843,,14462002.37,,,
23.69147362,Methoprene,92.36437241,TRUE,C19H34O3,40596-69-8,5664.304719,4904948.536,1838443.672,,21533794.91,,,
23.75681549,trans-Chlordane,96.07292407,TRUE,C10H6Cl8,5103-74-2,10931.0591,1627669.985,578298.3466,,15675120.59,,,
23.78676867,Triflumizole,92.4852134,TRUE,C15H15ClF3N3O,68694-11-1,1081.583874,3810453.814,1388353.557,,13339598.09,,,
23.86553259,Methidathion,93.32635156,TRUE,C6H11N2O4PS3,950-37-8,10434.28152,7105269.658,2452373.287,,23218270.18,,,
23.99085992,Bromophos-ethyl,94.2748522,TRUE,C10H12BrCl2O3PS,4824-78-6,370.0722846,1484352.171,579867.5359,,8862206.361,,,
24.00797572,"o,p'-DDE",95.09464026,TRUE,C14H8Cl4,3424-82-6,8463.823948,2968553.76,1088817.096,,14941748.62,,,
24.05258572,Paclobutrazol,94.34134662,TRUE,C15H20ClN3O,76738-62-0,1412.707959,2874948.512,995987.564,,18808614.27,,,
24.10193981,Haloxyfop-methyl,96.47821432,TRUE,C16H13ClF3NO4,69806-40-2,8821.414198,2224554.615,812777.016,,17493716.34,,,
24.16325354,Vamidothion,90.32518386,TRUE,C8H18NO4PS2,2275-23-2,2972.289339,1241145.359,444103.8691,,5173535.429,,,
24.19357556,Endosulfan,92.74333837,TRUE,C9H6Cl6O3S,115-29-7,1747.045733,311189.7319,114535.2252,,13536515.33,,,
24.23520568,"MCPA,2-ethylhexyl ester",86.49701908,TRUE,C17H25ClO3,29450-45-1,56.69064131,371916.4246,155913.7504,,2608499.447,,,
24.28372916,Disulfoton sulfone,93.78871511,TRUE,C8H19O4PS3,2497/6/5,594.9895154,2571997.525,938519.6222,,16373394.92,,,
24.3009947,Tetrachlorvinphos,85.1671389,TRUE,C10H9Cl4O4P,22248-79-9,2194.901927,2043982.077,740572.3676,,7145069.706,,,
24.32236789,trans-Chlordane,93.32426043,TRUE,C10H6Cl8,5103-74-2,7111.81511,774402.0814,295025.605,,6879465.316,,,
24.35932323,Mepanipyrim,94.72079673,TRUE,C14H13N3,110235-47-7,25503.7874,5104491.812,1915228.093,,12427399.27,,,
24.39410952,"Phenol, 2,4-dichloro-, benzenesulfonate",81.8026169,TRUE,C12H8Cl2O3S,97-16-5,135.4225493,1314371.146,496700.1302,,3219999.772,,,
24.46639054,Butachlor,93.66219657,TRUE,C17H26ClNO2,23184-66-9,6739.394027,3323401.939,1235595.556,,25203599.21,,,
24.49724958,Ditalimfos,91.54094111,TRUE,C12H14NO4PS,5131-24-8,2245.97174,2965098.443,1035922.511,,10332570.33,,,
24.50960546,"Benzenemethanamine, 2-chloro-N-(2,6-dinitro-4-(trifluoromethyl)phenyl)-N-ethyl-6-fluoro-",82.10573779,TRUE,C16H12ClF4N3O4,62924-70-3,4258.91986,6245514.601,2231450.092,,23441471.09,,,
24.62266305,Ovex,96.18048206,TRUE,C12H8Cl2O3S,80-33-1,615.6915823,3155509.186,1133139.633,,13116441.77,,,
24.7240313,Napropamide,92.33010768,TRUE,C17H21NO2,15299-99-7,2925.273979,11985557.09,4079213.524,,34509348.16,,,
24.7479463,Fenamiphos,87.27079888,TRUE,C13H22NO3PS,22224-92-6,492.9296878,1390992.068,535197.6516,,11028628.5,,,
24.7627045,Butamifos,85.10470302,TRUE,C13H21N2O4PS,36335-67-8,4392.619516,749142.6158,280886.0759,,6037732.455,,,
24.78095102,"1H-1,2,4-Triazole-1-ethanol, .alpha.-butyl-.alpha.-(2,4-dichlorophenyl)-, (.+/-.)-",83.83185181,TRUE,C14H17Cl2N3O,79983-71-4,2163.649305,3667032.775,1310862.61,,16526476.88,,,
24.79817359,"Phosphoric acid, 2-bromo-1-(2,4-dichlorophenyl)vinyl diethyl ester",83.55851498,TRUE,C12H14BrCl2O4P,33399-00-7,2898.306627,1357584.153,512242.7244,,6074206.85,,,
24.83090652,Picoxystrobin,93.75030952,TRUE,C18H16F3NO4,117428-22-5,2229.604175,3064492.7,1215581.255,,13290405.88,,,
24.85448246,Fluorodifen,82.10169404,TRUE,C13H7F3N2O5,15457-05-3,6068.165459,893364.7068,374649.0802,,3114201.699,,,
24.90384694,Flutolanil,95.70985426,TRUE,C17H16F3NO2,66332-96-5,12376.94745,14048151.65,4848576,,27440627.04,,,
24.94740449,Imazalil,80.94516877,TRUE,C14H14Cl2N2O,35554-44-0,1538.4153,1230538.913,365547.7861,,6372625.567,,,
24.95210047,"Phosphorodithioic acid, O-(2,4-dichlorophenyl) O-ethyl S-propyl ester",94.19648178,TRUE,C11H15Cl2O2PS2,34643-46-4,16830.93937,3093431.665,1100399.992,,25492470.45,,,
24.9848454,"Acetic acid, (4-chloro-2-methylphenoxy)-, octyl ester",91.57980654,TRUE,C17H25ClO3,1000415-16-1,203.8258976,1268306.684,517714.9378,,10777279.52,,,
25.02204855,"Propanedioic acid, 1,3-dithiolan-2-ylidene-, bis(1-methylethyl) ester",94.98231926,TRUE,C12H18O4S2,50512-35-1,28873.11991,4988051.314,1767924.765,,26344651.52,,,
25.07043036,Profenofos,91.72640686,TRUE,C11H15BrClO3PS,41198-08-7,680.7634601,2877722.371,1068953.657,,20697667.86,,,
25.11524722,"1,2-Propanediamine",80.7178525,TRUE,C3H10N2,78-90-0,9.557347557,793564.5349,273665.1334,,1004735.228,,,
25.14703929,Dieldrin,88.81143991,TRUE,C12H8Cl6O,60-57-1,466.3532167,2415183.043,875992.2446,,12293072.28,,,
25.16608264,Uniconazole,85.05358933,TRUE,C15H18ClN3O,83657-22-1,2148.45037,2507624.82,739705.7518,,9555096.229,,,
25.17171955,Fludioxonil,89.86975857,TRUE,C12H6F2N2O2,131341-86-1,1094.045037,3299562.705,1000807.247,,15433203.02,,,
25.18211883,"o,p'-DDE",94.89169738,TRUE,C14H8Cl4,3424-82-6,7899.700649,1874780.485,701653.3002,,10704331.32,,,
25.21597444,Pretilachlor,93.27720321,TRUE,C17H26ClNO2,51218-49-6,12884.06497,3057175.87,1115865.535,,25433968.82,,,
25.21991188,"S,S,S-Tributyl phosphorotrithioate",83.58098153,TRUE,C12H27OPS3,78-48-8,3164.192982,849631.3463,308617.4556,,10762685.47,,,
25.26489091,"Acetic acid, (2,4-dichlorophenoxy)-, 2-ethylhexyl ester",85.17040742,TRUE,C16H22Cl2O3,1928-43-4,59.52317749,73966.8532,27750.45848,,764592.6867,,,
25.42960557,Oxadiazon,87.05427932,TRUE,C15H18Cl2N2O3,19666-30-9,5590.906744,3951911.879,1436523.903,,24875293.11,,,
25.47680375,"1,1-Dichloro-2,2-bis(p-chlorophenyl)ethane",88.78288268,TRUE,C14H10Cl4,72-54-8,8710.787674,3053202.88,1039590.775,,12596246.49,,,
25.49681985,Myclobutanil,91.56117488,TRUE,C15H17ClN4,88671-89-0,5217.539998,2955151.107,981407.2949,,23831840.25,,,
25.51480194,"Acetic acid, (2,4-dichlorophenoxy)-, 2-ethylhexyl ester",83.10775028,TRUE,C16H22Cl2O3,1928-43-4,164.6669,195052.3014,78990.11569,,1649520.119,,,
25.55628542,"1H-1,2,4-Triazole-1-ethanol, .beta.-((2,4-dichlorophenyl)methyl)-.alpha.-(1,1-dimethylethyl)-,(R*,R*)-(.+/-.)-",87.9565655,TRUE,C15H19Cl2N3O,75736-33-3,3312.209941,807538.1876,282574.3368,,5431076.004,,,
25.59664582,Buprofezin,84.58868673,TRUE,C16H23N3OS,69327-76-0,3327.941421,1963392.387,729037.4564,,14234843.78,,,
25.62334531,Flusilazole,91.9189799,TRUE,C16H15F2N3Si,85509-19-9,11670.20474,3578654.737,1276182.194,,10207687.08,,,
25.64713466,Oxyfluorfen,92.87175187,TRUE,C15H11ClF3NO4,42874-03-3,9730.667648,2422794.892,911998.0602,,14566059.48,,,
25.7672645,5-Butyl-2-ethylamino-6-methylpyrimidin-4-yl dimethylsulfamate,93.53509013,TRUE,C13H24N4O3S,41483-43-6,18993.31977,2392957.628,899559.0197,,19673439.92,,,
25.83536308,Kresoxim-methyl,94.74106573,TRUE,C18H19NO4,143390-89-0,3635.747249,6598108.257,2382246.303,,26186074.91,,,
25.84930652,"Alanine, N-methyl-N-methoxycarbonyl-, undecyl ester",81.0816418,TRUE,C17H33NO4,1000328-73-1,4064.800875,648778.7191,300348.939,,743837.7715,,,
25.92422654,Nitrofen,84.97421683,TRUE,C12H7Cl2NO3,1836-75-5,5958.738569,1469544.79,520767.4319,,10634925.67,,,
25.949047,"Sulfur, pentafluoromethyl-,",83.2473004,TRUE,CH3F5S,753-79-7,489.0210321,665808.9517,152082.9663,,1146696.539,,,
25.97811607,Cyproconazole,83.62922067,TRUE,C15H18ClN3O,113096-99-4,1250.241599,2955704.488,695293.5423,,18784819.79,,,
26.21824162,Fluazifop-butyl,94.61792876,TRUE,C19H20F3NO4,69806-50-4,13017.24714,5030661.848,1796093.443,,25778103.74,,,
26.28988388,Endosulfan,92.00320871,TRUE,C9H6Cl6O3S,115-29-7,499.7078931,399070.941,145547.9774,,13269591.46,,,
26.38946881,Chlorobenzilate,96.69487304,TRUE,C16H14Cl2O3,510-15-6,3501.643362,5881771.631,1944853.657,,23018099.42,,,
26.58413602,Diniconazole,89.72822621,TRUE,C15H17Cl2N3O,83657-24-3,1038.63206,2462944.916,769433.7588,,14239396.9,,,
26.69747003,"1,1-Dichloro-2,2-bis(p-chlorophenyl)ethane",93.92464441,TRUE,C14H10Cl4,72-54-8,9418.540006,3444225.756,1216126.291,,15403413.57,,,
26.70446843,Aclonifen,87.98622558,TRUE,C12H9ClN2O3,74070-46-5,4506.987407,623471.9888,225800.6889,,6092261.226,,,
26.77008825,"Phosphorothioic acid, O,O-dimethyl O-[3-methyl-4-(methylsulfonyl)phenyl] ester",92.58887332,TRUE,C10H15O5PS2,3761-42-0,888.0779045,2001898.746,737250.3925,,13738791.24,,,
26.80309887,"p,p'-DDT",90.54715205,TRUE,C14H9Cl5,50-29-3,9622.821824,3656254.766,1268919.146,,17471134.49,,,
26.88154676,Oxadixyl,94.68593225,TRUE,C14H18N2O4,77732-09-3,866.1338453,2889992.521,971668.411,,24354951.73,,,
26.95497993,Ethion,92.17096349,TRUE,C9H22O4P2S4,563-12-2,1368.142885,6439013.777,2185252.95,,35670083.34,,,
26.99262169,"1,2,4-Methenocyclopenta[cd]pentalene-5-carboxaldehyde, 2,2a,3,3,4,7-hexachlorodecahydro-, (1.alpha.,2.beta.,2a.beta.,4.beta.,4a.beta.,5.beta.,6a.beta.,6b.beta.,7R*)-",81.56402625,TRUE,C12H8Cl6O,7421-93-4,8.572950895,79983.37967,30508.59223,,477421.8893,,,
27.06496093,Chlorthiophos,93.52315738,TRUE,C11H15Cl2O3PS2,21923-23-9,359.6658007,1599567.249,575627.6848,,10967123.12,,,
27.09696127,"Cyclopropanecarboxylic acid, 2,2-dimethyl-3-(2-methyl-1-propenyl)-, 2-methyl-4-oxo-3-(2-pentenyl)-2-cyclopenten-1-yl ester, [1R-[1.alpha.[S*(Z)],3.beta.]]-",81.63638842,TRUE,C21H30O3,4466-14-2,54.67403525,210400.5618,86708.07829,,1080882.916,,,
27.15196553,"Phosphorothioic acid, O,O-diethyl O-(p-methylsulfonyl)phenyl ester",93.54842469,TRUE,C11H17O5PS2,14255-72-2,320.981797,1387393.016,509739.8098,,12469775.03,,,
27.21699569,Mepronil,93.22407015,TRUE,C17H19NO2,55814-41-0,2515.197989,9661560.027,3301241.19,,19488899.43,,,
27.29740319,"Benzoic acid, 2-benzoylhydrazide",89.83024292,TRUE,C14H12N2O2,787-84-8,875.4316306,3940558.917,1311756.311,,6555089.628,,,
27.41496583,Triazophos,95.82558239,TRUE,C12H16N3O3PS,24017-47-8,12764.24909,4120440.825,1463633.899,,30053337.82,,,
27.653023,Carbophenothion,86.93640829,TRUE,C11H16ClO2PS3,786-19-6,2397.16286,2207450.767,798583.9083,,12096203.59,,,
27.75356948,Benalaxyl,95.48587308,TRUE,C20H23NO3,71626-11-4,7003.9556,10336419.17,3562188.319,,35939296.36,,,
27.79818422,Edifenphos,87.51038571,TRUE,C14H15O2PS2,17109-49-8,6789.899199,5740173.932,1937741.892,,18120328.05,,,
27.80190205,Quinoxyfen,93.065681,TRUE,C15H8Cl2FNO,124495-18-7,9510.681939,4696588.31,1632483.322,,18312866.23,,,
27.84960096,Endosulfan sulfate,90.83786722,TRUE,C9H6Cl6O4S,1031-07-8,2813.27061,274949.5829,102699.6444,,4146567.104,,,
27.85756954,Carfentrazone ethyl,89.06369462,TRUE,C15H14Cl2F3N3O3,128639-02-1,1586.715539,356663.362,144646.2856,,4414259.199,,,
27.89793281,Matrine,94.27495353,TRUE,C15H24N2O,519-02-8,710.0043582,428468.9501,132836.0569,,6230303.529,,,
27.92629178,Propiconazole,94.4705143,TRUE,C15H17Cl2N3O2,60207-90-1,1708.726906,1513349.535,527368.3777,,9603105.967,,,
27.97125592,Alanine,80.16610173,TRUE,C3H7NO2,56-41-7,8.236375752,2617160.278,326593.3244,,3147346.032,,,
28.03260993,"p,p'-DDT",93.0801845,TRUE,C14H9Cl5,50-29-3,16147.63898,3945024.869,1402874.908,,18517490.45,,,
28.07525109,"Phenol, 4-[2-(methylamino)ethyl]-",88.19440886,TRUE,C9H13NO,370-98-9,6.190341059,759583.7417,328395.1749,,771122.2017,,,
28.09634566,"9-Octadecenamide, (Z)-",84.67749209,TRUE,C18H35NO,301-02-0,788.445459,957423.2859,359754.3719,,5628177.391,,,
28.09784352,Pyrazon,85.34136442,TRUE,C10H8ClN3O,1698-60-8,66.58948771,1320813.179,266775.8485,,4174821.847,,,
28.15395477,Propiconazole,94.36247808,TRUE,C15H17Cl2N3O2,60207-90-1,2313.875245,2112411.185,720640.9877,,13957574.04,,,
28.1913695,Clodinafop-propargyl,93.60496135,TRUE,C17H13ClFNO4,105512-06-9,7452.117354,884232.7343,354136.2587,,7118091.408,,,
28.24494568,Trifloxystrobin,89.50085751,TRUE,C20H19F3N2O4,141517-21-7,2873.607265,5111293.187,1883168.896,,25024301.55,,,
28.37111103,Pyraflufen-ethyl,89.15479324,TRUE,C15H13Cl2F3N2O4,129630-19-9,5166.094999,705925.7142,283035.0646,,7162797.29,,,
28.43749256,Hexazinone,94.74858483,TRUE,C12H20N4O2,51235-04-2,11534.43435,10122270.63,3251558.593,,27015099.51,,,
28.5207497,Tebuconazole,95.95590004,TRUE,C16H22ClN3O,107534-96-3,1416.1072,3476608.855,1126773.205,,23411649.76,,,
28.69764362,Diclofop methyl,95.65262055,TRUE,C16H14Cl2O4,51338-27-3,9381.711991,2357076.426,850812.1815,,23750918.73,,,
28.77837182,Alanine,82.15118473,TRUE,C3H7NO2,56-41-7,8.846645479,1544742.628,342057.03,,1806705.426,,,
28.82932836,Diflufenican,86.30274422,TRUE,C19H11F5N2O2,83164-33-4,11774.01907,6804106.724,2504554.466,,17056520.19,,,
28.96848591,Piperonyl butoxide,94.16124968,TRUE,C19H30O5,1951/3/6,37128.32585,12139846.71,4229118.601,,37740365.81,,,
29.06099326,Resmethrin,96.44713101,TRUE,C22H26O3,10453-86-8,544.573997,2179346.313,853168.2391,,13286107.39,,,
29.16566934,Epoxiconazole,90.74427617,TRUE,C17H13ClFN3O,133855-98-8,9636.396469,3552045.814,1173851.785,,22519639.93,,,
29.47356611,Endrin ketone,90.67136149,TRUE,C12H8Cl6O,53494-70-5,31.794031,266744.1588,91351.6552,,2417337.848,,,
29.52562941,Spiromesifen,83.58726182,TRUE,C23H30O4,283594-90-1,44.18551081,303136.4013,119377.7389,,1135880.843,,,
29.56952988,Iprodione,94.40154443,TRUE,C13H13Cl2N3O3,36734-19-7,3752.897904,1580892.896,590981.6876,,12295726.23,,,
29.6734776,"Phosphoramidic acid, (1-methylethyl)-, ethyl 3-methyl-4-(methylsulfonyl)phenyl ester",88.31531621,TRUE,C13H22NO5PS,31972-44-8,14989.16564,1670867.444,541287.9348,,10004221.23,,,
29.71685594,"Phosphorothioic acid, O-(1,6-dihydro-6-oxo-1-phenyl-3-pyridazinyl) O,O-diethyl ester",84.72438727,TRUE,C14H17N2O4PS,119-12-0,621.5731053,2733314.89,988956.816,,14887604.9,,,
29.74653458,Phosmet,92.46156772,TRUE,C11H12NO4PS2,732-11-6,6852.126353,7641333.339,2610031.655,,12457318.58,,,
29.80255571,Tetramethrin,89.7039414,TRUE,C19H25NO4,7696-12-0,2934.554408,1141950.701,441145.9292,,2864606.891,,,
29.87209121,Bromopropylate,95.03864948,TRUE,C17H16Br2O3,18181-80-1,21373.18859,2872224.274,1027287.063,,17198149.14,,,
29.90294641,"Phosphonothioic acid, phenyl-, O-ethyl O-(4-nitrophenyl) ester",90.51152737,TRUE,C14H14NO4PS,2104-64-5,14117.57123,6044798.076,2177767.327,,23122595.29,,,
30.02219192,Picolinafen,92.50296077,TRUE,C19H12F4N2O2,137641-05-5,5025.835039,1397530.6,515304.6621,,5629541.634,,,
30.05710479,Tetramethrin,84.29992311,TRUE,C19H25NO4,7696-12-0,15590.98584,7152931.386,2525373.259,,16079465.46,,,
30.08581383,Bifenthrin,94.11478558,TRUE,C23H22ClF3O2,82657-04-3,10177.24101,13237717.51,4466709.957,,32890448.09,,,
30.09071426,Bifenazate,82.12687834,TRUE,C17H20N2O3,149877-41-8,383.2436394,284179.6976,101726.8672,,4662178.492,,,
30.1186705,"Phosphorodithioic acid, O,O-dipropyl S-(2-pipecolinocarbonylmethyl) ester",91.18235571,TRUE,C14H28NO3PS2,24151-93-7,5845.805573,1595014.153,602642.6047,,9923767.433,,,
30.14439988,Methoxychlor,87.98296159,TRUE,C16H15Cl3O2,72-43-5,26851.7513,4095918.77,1504946.798,,8175974.257,,,
30.2231253,"4-Methyl-2,4-bis(p-hydroxyphenyl)pent-1-ene, 2TMS derivative",90.10852906,TRUE,C24H36O2Si2,1000283-56-8,1.121508334,246536.7191,46667.04947,,408283.8541,,,
30.28161691,Fenpropathrin,94.16800365,TRUE,C22H23NO3,39515-41-8,1995.271361,3636633.603,1265576.2,,26080506.93,,,
30.3605308,Etoxazole,86.01784142,TRUE,C21H23F2NO2,153233-91-1,2214.747257,2066559.161,777669.5924,,15959568.43,,,
30.38112136,Sulfentrazone,90.61727331,TRUE,C11H10Cl2F2N4O3S,122836-35-5,1764.988407,295990.5483,87949.63756,,3128562.604,,,
30.3887768,Tebufenpyrad,88.95033462,TRUE,C18H24ClN3O,119168-77-3,5626.812465,1794143.583,655443.1711,,9497469.478,,,
30.39794764,Fenamidone,83.77162849,TRUE,C17H17N3OS,161326-34-7,18192.38098,2485465.545,839963.7139,,17799046.63,,,
30.44244196,Fenazaquin,81.02454632,TRUE,C20H22N2O,120928-09-8,11063.16381,8495926.707,2924958.96,,15338160.17,,,
30.52333432,Bifenox,95.42847663,TRUE,C14H9Cl2NO5,42576-02-3,5079.262219,892039.4883,345787.0955,,9245593.76,,,
30.55141448,Bromuconazole-2,80.88986106,TRUE,C13H12BrCl2N3O,116255-48-2,709.7442874,600255.8619,215167.0983,,1867930.89,,,
30.79027548,"Benzene, 1,2,4-trichloro-5-[(4-chlorophenyl)sulfonyl]-",96.89912289,TRUE,C12H6Cl4O2S,116-29-0,6751.132344,3230326.537,1088755.281,,26234297.3,,,
31.04991507,Furathiocarb,85.86893863,TRUE,C18H26N2O5S,65907-30-4,10683.4004,2878452.771,1052354.552,,12319206.7,,,
31.14471955,Propiolonitrile,81.62748637,TRUE,C3HN,1070-71-9,12.95381407,156458.2014,48404.83115,,298703.5483,,,
31.15788126,Phosalone,92.58955383,TRUE,C12H15ClNO4PS2,2310-17-0,33601.46639,4842290.766,1678675.096,,23737833.05,,,
31.22989602,Leptophos,95.51483843,TRUE,C13H10BrCl2O2PS,21609-90-5,7316.319641,2020310.79,737280.2529,,9243765.995,,,
31.34728491,"2-Trifluoromethylbenzoic acid, 4-cyanophenyl ester",90.0882237,TRUE,C15H8F3NO2,1000307-67-2,11456.91627,5265472.069,2024569.527,,7586930.717,,,
31.3726839,Pyriproxyfen,95.71081033,TRUE,C20H19NO3,95737-68-1,10243.00752,13119244.97,4693949.904,,29538336.22,,,
31.40677111,Mirex,96.40534124,TRUE,C10Cl12,2385-85-5,13736.24221,2379078.736,782203.4854,,15571480.82,,,
31.52891374,Mefenacet,96.36777093,TRUE,C16H14N2O2S,73250-68-7,10678.74558,5424037.452,1825614.962,,23536988.41,,,
31.66065335,.lambda.-Cyhalothrin,91.61984448,TRUE,C23H19ClF3NO3,91465-08-6,423.3344908,744659.6976,284967.66,,3343740.114,,,
31.97351922,Ipconazole,83.38833599,TRUE,C18H24ClN3O,125225-28-7,358.7635489,909446.3722,283817.2972,,7243128.565,,,
32.03982828,.lambda.-Cyhalothrin,94.05676375,TRUE,C23H19ClF3NO3,91465-08-6,2962.288648,5645638.395,2004696.641,,26239263.46,,,
32.09465959,Fenarimol,88.63796562,TRUE,C17H12Cl2N2O,60168-88-9,4259.582826,3603681.691,1195104.977,,21566333.94,,,
32.43014153,Pyrazophos,90.34734471,TRUE,C14H20N3O5PS,13457-18-6,952.0335188,2880085.696,1017629.32,,10870368.14,,,
32.52693166,Fluoroglycofen ethyl ester,89.96114006,TRUE,C18H13ClF3NO7,77501-90-7,52.99568111,229291.6817,93852.87695,,3424371.742,,,
32.80861672,Fenoxaprop-ethyl,93.55945843,TRUE,C18H16ClNO5,66441-23-4,14491.42022,1731701.316,618100.4512,,10699445.75,,,
33.1661185,Bitertanol,93.98699121,TRUE,C20H23N3O2,55179-31-2,962.1035859,5993394.154,1633652.512,,13154574.78,,,
33.37128444,"Cyclopropanecarboxylic acid, 3-(2,2-dichlorovinyl)-2,2-dimethyl-, (3-phenoxyphenyl)methyl ester, (1R-cis)-",94.06453014,TRUE,C21H20Cl2O3,54774-45-7,3192.479142,5134230.745,1812397.051,,15734895.51,,,
33.5681555,Pyridaben,91.53657509,TRUE,C19H25ClN2OS,96489-71-3,24300.64231,12883257.69,4264878.469,,30137010.03,,,
33.62301059,"Cyclopropanecarboxylic acid, 3-(2,2-dichlorovinyl)-2,2-dimethyl-, (3-phenoxyphenyl)methyl ester, (1R-trans)-",95.33807664,TRUE,C21H20Cl2O3,51877-74-8,4162.021842,2316730.395,2335159.456,,7761823.303,,,
33.71446481,Fluquinconazole,88.45687062,TRUE,C16H8Cl2FN5O,136426-54-5,13128.30635,2383021.27,810053.3083,,8546814.027,,,
33.7470223,Coumaphos,93.25984814,TRUE,C14H16ClO5PS,56-72-4,418.4414555,1842998.281,663814.3563,,15415666,,,
33.86237995,Prochloraz,91.18711135,TRUE,C15H16Cl3N3O2,67747-09-5,672.5273545,840926.9279,272158.3537,,4804896.308,,,
34.00218353,Dioxathion,93.84048444,TRUE,C12H26O6P2S4,78-34-2,149.7074269,614605.2874,236791.7326,,3237536.71,,,
34.43739001,Fenbuconazole,87.54845468,TRUE,C19H17ClN4,119611-00-6,9192.941406,10912274.56,2970240,,27826740.06,,,
34.44780622,"Stannane, tetraphenyl-",86.533801,TRUE,C24H20Sn,595-90-4,321.7586528,41313.72294,15542.70072,,344576.8555,,,
34.55243262,Cyfluthrin,93.70751417,TRUE,C22H18Cl2FNO3,68359-37-5,885.6583708,455499.9455,172293.9471,,4429906.826,,,
34.73637602,Cyfluthrin,86.00532432,TRUE,C22H18Cl2FNO3,68359-37-5,1533.502422,823696.718,301691.4409,,7378398.796,,,
34.88603043,Cyfluthrin,90.57476856,TRUE,C22H18Cl2FNO3,68359-37-5,707.2734862,358401.0464,139883.9671,,3237291.758,,,
34.96538516,Cyfluthrin,93.14918443,TRUE,C22H18Cl2FNO3,68359-37-5,863.318929,454122.1502,169341.8446,,4004352.805,,,
35.14497785,Boscalid,80.46192238,TRUE,C18H12Cl2N2O,188425-85-6,20486.59054,7439674.842,2222845.995,,27371741.11,,,
35.38355841,Quizalofop ethyl,92.49387441,TRUE,C19H17ClN2O4,76578-14-8,1478.397144,1479092.503,523743.1294,,8933315.519,,,
35.47916456,Cypermethrin,94.38591045,TRUE,C22H19Cl2NO3,52315-07-8,662.8214142,1204516.349,439028.6052,,9744826.241,,,
35.68939661,Etofenprox,93.7262959,TRUE,C25H28O3,80844-07-1,29536.56031,10309449.8,3513996,,21683094.46,,,
35.81605803,Pyridalyl,87.48634931,TRUE,C18H14Cl4F3NO3,179101-81-6,7294.663674,2189307.422,808710.3796,,5424199.392,,,
35.96223596,Flucythrinate,93.3121262,TRUE,C26H23F2NO4,70124-77-5,2651.015015,2197520.18,803967.863,,11512511.93,,,
36.88872373,"Benzeneacetic acid, 4-chloro-.alpha.-(1-methylethyl)-, cyano (3-phenoxyphenyl)methyl ester,(S-(R*,R*))-",90.02984879,TRUE,C25H22ClNO3,66230-04-4,1444.702975,3247479.516,1125233.466,,16574023.41,,,
36.9687169,Pyraclostrobine,84.97747791,TRUE,C19H18ClN3O4,175013-18-0,1081.661252,3153578.191,1012883.965,,5749868.732,,,
37.30219594,"2-Propenoic acid, ethenyl ester",82.28151557,TRUE,C5H6O2,2177-18-6,133.1901311,755017.9111,212522.7032,,853628.8482,,,
37.31143172,Fluvalinate,83.29639321,TRUE,C26H22ClF3N2O3,69409-94-5,8840.240627,2654438.87,938344.1423,,5036401.767,,,
37.43631351,Fluvalinate,94.53325469,TRUE,C26H22ClF3N2O3,69409-94-5,8261.313025,2510981.883,874938.2891,,7695242.01,,,
37.63804546,Difenoconazole,92.37751574,TRUE,C19H17Cl2N3O3,119446-68-3,639.0126587,1599726.508,501022.8055,,8169721.711,,,
37.76401999,Difenoconazole,95.04083247,TRUE,C19H17Cl2N3O3,119446-68-3,916.7944405,2390451.745,712793.886,,12758259.79,,,
38.30104755,Deltamethrin,91.88132444,TRUE,C22H19Br2NO3,52918-63-5,808.5313897,1545573.788,550977.1094,,13043602.19,,,
38.84737399,Azoxystrobin,92.59952694,TRUE,C22H17N3O5,131860-33-8,9967.200685,1924527.092,610974.4241,,8421644.984,,,
38.88602561,Dimethomorph,91.29127578,TRUE,C21H22ClNO4,110488-70-5,2921.698199,1582771.238,504653.2396,,5921438.748,,,
39.42359126,Dimethomorph,92.86714793,TRUE,C21H22ClNO4,110488-70-5,1720.459909,960725.5684,297449.4061,,3934496.405,,,
